{"v":"5.4.3","fr":30,"ip":0,"op":120,"w":600,"h":600,"nm":"Comp 1","ddd":0,"assets":[],"layers":[{"ddd":0,"ind":1,"ty":4,"nm":"Shape Layer 10","sr":1,"ks":{"o":{"a":1,"k":[{"i":{"x":[0.172],"y":[1]},"o":{"x":[0.167],"y":[0.167]},"n":["0p172_1_0p167_0p167"],"t":40,"s":[0],"e":[100]},{"i":{"x":[0.667],"y":[1]},"o":{"x":[0.333],"y":[0]},"n":["0p667_1_0p333_0"],"t":50,"s":[100],"e":[100]},{"i":{"x":[0.833],"y":[0.833]},"o":{"x":[0.868],"y":[0]},"n":["0p833_0p833_0p868_0"],"t":90,"s":[100],"e":[0]},{"t":100.000004073084}],"ix":11},"r":{"a":0,"k":0,"ix":10},"p":{"a":1,"k":[{"i":{"x":0.667,"y":1},"o":{"x":0.167,"y":0.167},"n":"0p667_1_0p167_0p167","t":40,"s":[166,549,0],"e":[166,389,0],"to":[0,-26.6666660308838,0],"ti":[0,26.6666660308838,0]},{"i":{"x":0.833,"y":0.833},"o":{"x":0.167,"y":0.167},"n":"0p833_0p833_0p167_0p167","t":50,"s":[166,389,0],"e":[166,389,0],"to":[0,0,0],"ti":[0,0,0]},{"i":{"x":0.833,"y":0.833},"o":{"x":0.333,"y":0},"n":"0p833_0p833_0p333_0","t":90,"s":[166,389,0],"e":[166,229,0],"to":[0,-26.6666660308838,0],"ti":[0,26.6666660308838,0]},{"t":100.000004073084}],"ix":2},"a":{"a":0,"k":[-148.489,-203.05,0],"ix":1},"s":{"a":0,"k":[96.977,97.02,100],"ix":6}},"ao":0,"shapes":[{"ty":"gr","it":[{"ty":"rc","d":1,"s":{"a":0,"k":[33.832,33.832],"ix":2},"p":{"a":0,"k":[0,0],"ix":3},"r":{"a":0,"k":18,"ix":4},"nm":"Rectangle Path 1","mn":"ADBE Vector Shape - Rect","hd":false},{"ty":"st","c":{"a":0,"k":[1,1,1,1],"ix":3},"o":{"a":0,"k":100,"ix":4},"w":{"a":0,"k":0,"ix":5},"lc":1,"lj":1,"ml":4,"ml2":{"a":0,"k":4,"ix":8},"bm":0,"nm":"Stroke 1","mn":"ADBE Vector Graphic - Stroke","hd":false},{"ty":"fl","c":{"a":0,"k":[0.9568627450980393,0.33725490196078434,0.33725490196078434,1],"ix":4},"o":{"a":0,"k":40,"ix":5},"r":1,"bm":0,"nm":"Fill 1","mn":"ADBE Vector Graphic - Fill","hd":false},{"ty":"tr","p":{"a":0,"k":[-148.736,-203.613],"ix":2},"a":{"a":0,"k":[0,0],"ix":1},"s":{"a":0,"k":[98.122,98.122],"ix":3},"r":{"a":0,"k":0,"ix":6},"o":{"a":0,"k":100,"ix":7},"sk":{"a":0,"k":0,"ix":4},"sa":{"a":0,"k":0,"ix":5},"nm":"Transform"}],"nm":"Rectangle 1","np":3,"cix":2,"bm":0,"ix":1,"mn":"ADBE Vector Group","hd":false}],"ip":0,"op":110.000004480392,"st":0,"bm":0},{"ddd":0,"ind":2,"ty":4,"nm":"Shape Layer 9","sr":1,"ks":{"o":{"a":1,"k":[{"i":{"x":[0.172],"y":[1]},"o":{"x":[0.167],"y":[0.167]},"n":["0p172_1_0p167_0p167"],"t":40,"s":[0],"e":[100]},{"i":{"x":[0.667],"y":[1]},"o":{"x":[0.333],"y":[0]},"n":["0p667_1_0p333_0"],"t":50,"s":[100],"e":[100]},{"i":{"x":[0.833],"y":[0.833]},"o":{"x":[0.868],"y":[0]},"n":["0p833_0p833_0p868_0"],"t":90,"s":[100],"e":[0]},{"t":100.000004073084}],"ix":11},"r":{"a":0,"k":0,"ix":10},"p":{"a":1,"k":[{"i":{"x":0.667,"y":1},"o":{"x":0.167,"y":0.167},"n":"0p667_1_0p167_0p167","t":40,"s":[280.208,561.25,0],"e":[280.208,401.25,0],"to":[0,-26.6666660308838,0],"ti":[0,26.6666660308838,0]},{"i":{"x":0.833,"y":0.833},"o":{"x":0.167,"y":0.167},"n":"0p833_0p833_0p167_0p167","t":50,"s":[280.208,401.25,0],"e":[280.208,401.25,0],"to":[0,0,0],"ti":[0,0,0]},{"i":{"x":0.833,"y":0.833},"o":{"x":0.333,"y":0},"n":"0p833_0p833_0p333_0","t":90,"s":[280.208,401.25,0],"e":[280.208,241.25,0],"to":[0,-26.6666660308838,0],"ti":[0,26.6666660308838,0]},{"t":100.000004073084}],"ix":2},"a":{"a":0,"k":[66.883,-206.43,0],"ix":1},"s":{"a":0,"k":[227.46499999999997,271.221,100],"ix":6}},"ao":0,"shapes":[{"ty":"gr","it":[{"ty":"rc","d":1,"s":{"a":0,"k":[38,4],"ix":2},"p":{"a":0,"k":[0,0],"ix":3},"r":{"a":0,"k":9,"ix":4},"nm":"Rectangle Path 1","mn":"ADBE Vector Shape - Rect","hd":false},{"ty":"st","c":{"a":0,"k":[1,1,1,1],"ix":3},"o":{"a":0,"k":100,"ix":4},"w":{"a":0,"k":0,"ix":5},"lc":1,"lj":1,"ml":4,"ml2":{"a":0,"k":4,"ix":8},"bm":0,"nm":"Stroke 1","mn":"ADBE Vector Graphic - Stroke","hd":false},{"ty":"fl","c":{"a":0,"k":[0.7725490196078432,0.7725490196078432,0.7725490196078432,1],"ix":4},"o":{"a":0,"k":40,"ix":5},"r":1,"bm":0,"nm":"Fill 1","mn":"ADBE Vector Graphic - Fill","hd":false},{"ty":"tr","p":{"a":0,"k":[66.776,-206.499],"ix":2},"a":{"a":0,"k":[0,0],"ix":1},"s":{"a":0,"k":[123.715,100],"ix":3},"r":{"a":0,"k":0,"ix":6},"o":{"a":0,"k":100,"ix":7},"sk":{"a":0,"k":0,"ix":4},"sa":{"a":0,"k":0,"ix":5},"nm":"Transform"}],"nm":"Rectangle 1","np":3,"cix":2,"bm":0,"ix":1,"mn":"ADBE Vector Group","hd":false}],"ip":0,"op":110.000004480392,"st":0,"bm":0},{"ddd":0,"ind":3,"ty":4,"nm":"Shape Layer 8","sr":1,"ks":{"o":{"a":1,"k":[{"i":{"x":[0.172],"y":[1]},"o":{"x":[0.167],"y":[0.167]},"n":["0p172_1_0p167_0p167"],"t":40,"s":[0],"e":[100]},{"i":{"x":[0.667],"y":[1]},"o":{"x":[0.333],"y":[0]},"n":["0p667_1_0p333_0"],"t":50,"s":[100],"e":[100]},{"i":{"x":[0.833],"y":[0.833]},"o":{"x":[0.868],"y":[0]},"n":["0p833_0p833_0p868_0"],"t":90,"s":[100],"e":[0]},{"t":100.000004073084}],"ix":11},"r":{"a":0,"k":0,"ix":10},"p":{"a":1,"k":[{"i":{"x":0.667,"y":1},"o":{"x":0.167,"y":0.167},"n":"0p667_1_0p167_0p167","t":40,"s":[328.047,538.25,0],"e":[328.047,378.25,0],"to":[0,-26.6666660308838,0],"ti":[0,26.6666660308838,0]},{"i":{"x":0.833,"y":0.833},"o":{"x":0.167,"y":0.167},"n":"0p833_0p833_0p167_0p167","t":50,"s":[328.047,378.25,0],"e":[328.047,378.25,0],"to":[0,0,0],"ti":[0,0,0]},{"i":{"x":0.833,"y":0.833},"o":{"x":0.333,"y":0},"n":"0p833_0p833_0p333_0","t":90,"s":[328.047,378.25,0],"e":[328.047,218.25,0],"to":[0,-26.6666660308838,0],"ti":[0,26.6666660308838,0]},{"t":100.000004073084}],"ix":2},"a":{"a":0,"k":[66.883,-206.43,0],"ix":1},"s":{"a":0,"k":[227.46499999999997,271.221,100],"ix":6}},"ao":0,"shapes":[{"ty":"gr","it":[{"ty":"rc","d":1,"s":{"a":0,"k":[72,4],"ix":2},"p":{"a":0,"k":[0,0],"ix":3},"r":{"a":0,"k":14,"ix":4},"nm":"Rectangle Path 1","mn":"ADBE Vector Shape - Rect","hd":false},{"ty":"st","c":{"a":0,"k":[1,1,1,1],"ix":3},"o":{"a":0,"k":100,"ix":4},"w":{"a":0,"k":0,"ix":5},"lc":1,"lj":1,"ml":4,"ml2":{"a":0,"k":4,"ix":8},"bm":0,"nm":"Stroke 1","mn":"ADBE Vector Graphic - Stroke","hd":false},{"ty":"fl","c":{"a":0,"k":[0.7725490196078432,0.7725490196078432,0.7725490196078432,1],"ix":4},"o":{"a":0,"k":40,"ix":5},"r":1,"bm":0,"nm":"Fill 1","mn":"ADBE Vector Graphic - Fill","hd":false},{"ty":"tr","p":{"a":0,"k":[66.776,-206.499],"ix":2},"a":{"a":0,"k":[0,0],"ix":1},"s":{"a":0,"k":[123.715,100],"ix":3},"r":{"a":0,"k":0,"ix":6},"o":{"a":0,"k":100,"ix":7},"sk":{"a":0,"k":0,"ix":4},"sa":{"a":0,"k":0,"ix":5},"nm":"Transform"}],"nm":"Rectangle 1","np":3,"cix":2,"bm":0,"ix":1,"mn":"ADBE Vector Group","hd":false}],"ip":0,"op":110.000004480392,"st":0,"bm":0},{"ddd":0,"ind":4,"ty":4,"nm":"Shape Layer 7","sr":1,"ks":{"o":{"a":1,"k":[{"i":{"x":[0.158],"y":[1]},"o":{"x":[0.167],"y":[0.167]},"n":["0p158_1_0p167_0p167"],"t":25,"s":[0],"e":[100]},{"i":{"x":[0.667],"y":[1]},"o":{"x":[0.333],"y":[0]},"n":["0p667_1_0p333_0"],"t":35,"s":[100],"e":[100]},{"i":{"x":[0.833],"y":[0.833]},"o":{"x":[0.766],"y":[0]},"n":["0p833_0p833_0p766_0"],"t":75,"s":[100],"e":[0]},{"t":85.000003462121}],"ix":11},"r":{"a":0,"k":0,"ix":10},"p":{"a":1,"k":[{"i":{"x":0.667,"y":1},"o":{"x":0.167,"y":0.167},"n":"0p667_1_0p167_0p167","t":25,"s":[165,446,0],"e":[165,286,0],"to":[0,-26.6666660308838,0],"ti":[0,26.6666660308838,0]},{"i":{"x":0.833,"y":0.833},"o":{"x":0.167,"y":0.167},"n":"0p833_0p833_0p167_0p167","t":35,"s":[165,286,0],"e":[165,286,0],"to":[0,0,0],"ti":[0,0,0]},{"i":{"x":0.833,"y":0.833},"o":{"x":0.333,"y":0},"n":"0p833_0p833_0p333_0","t":75,"s":[165,286,0],"e":[165,126,0],"to":[0,-26.6666660308838,0],"ti":[0,26.6666660308838,0]},{"t":85.000003462121}],"ix":2},"a":{"a":0,"k":[-149.521,-203.05,0],"ix":1},"s":{"a":0,"k":[96.977,97.02,100],"ix":6}},"ao":0,"shapes":[{"ty":"gr","it":[{"ty":"rc","d":1,"s":{"a":0,"k":[33.832,33.832],"ix":2},"p":{"a":0,"k":[0,0],"ix":3},"r":{"a":0,"k":18,"ix":4},"nm":"Rectangle Path 1","mn":"ADBE Vector Shape - Rect","hd":false},{"ty":"st","c":{"a":0,"k":[1,1,1,1],"ix":3},"o":{"a":0,"k":100,"ix":4},"w":{"a":0,"k":0,"ix":5},"lc":1,"lj":1,"ml":4,"ml2":{"a":0,"k":4,"ix":8},"bm":0,"nm":"Stroke 1","mn":"ADBE Vector Graphic - Stroke","hd":false},{"ty":"fl","c":{"a":0,"k":[0.9568627450980393,0.33725490196078434,0.33725490196078434,1],"ix":4},"o":{"a":0,"k":40,"ix":5},"r":1,"bm":0,"nm":"Fill 1","mn":"ADBE Vector Graphic - Fill","hd":false},{"ty":"tr","p":{"a":0,"k":[-148.736,-203.613],"ix":2},"a":{"a":0,"k":[0,0],"ix":1},"s":{"a":0,"k":[98.122,98.122],"ix":3},"r":{"a":0,"k":0,"ix":6},"o":{"a":0,"k":100,"ix":7},"sk":{"a":0,"k":0,"ix":4},"sa":{"a":0,"k":0,"ix":5},"nm":"Transform"}],"nm":"Rectangle 1","np":3,"cix":2,"bm":0,"ix":1,"mn":"ADBE Vector Group","hd":false}],"ip":0,"op":110.000004480392,"st":0,"bm":0},{"ddd":0,"ind":5,"ty":4,"nm":"Shape Layer 6","sr":1,"ks":{"o":{"a":1,"k":[{"i":{"x":[0.158],"y":[1]},"o":{"x":[0.167],"y":[0.167]},"n":["0p158_1_0p167_0p167"],"t":25,"s":[0],"e":[100]},{"i":{"x":[0.667],"y":[1]},"o":{"x":[0.333],"y":[0]},"n":["0p667_1_0p333_0"],"t":35,"s":[100],"e":[100]},{"i":{"x":[0.833],"y":[0.833]},"o":{"x":[0.766],"y":[0]},"n":["0p833_0p833_0p766_0"],"t":75,"s":[100],"e":[0]},{"t":85.000003462121}],"ix":11},"r":{"a":0,"k":0,"ix":10},"p":{"a":1,"k":[{"i":{"x":0.667,"y":1},"o":{"x":0.167,"y":0.167},"n":"0p667_1_0p167_0p167","t":25,"s":[280.208,458.24999999999994,0],"e":[280.208,298.25,0],"to":[0,-26.6666660308838,0],"ti":[0,26.6666660308838,0]},{"i":{"x":0.833,"y":0.833},"o":{"x":0.167,"y":0.167},"n":"0p833_0p833_0p167_0p167","t":35,"s":[280.208,298.25,0],"e":[280.208,298.25,0],"to":[0,0,0],"ti":[0,0,0]},{"i":{"x":0.833,"y":0.833},"o":{"x":0.333,"y":0},"n":"0p833_0p833_0p333_0","t":75,"s":[280.208,298.25,0],"e":[280.208,138.25,0],"to":[0,-26.6666660308838,0],"ti":[0,26.6666660308838,0]},{"t":85.000003462121}],"ix":2},"a":{"a":0,"k":[66.883,-206.43,0],"ix":1},"s":{"a":0,"k":[227.46499999999997,271.221,100],"ix":6}},"ao":0,"shapes":[{"ty":"gr","it":[{"ty":"rc","d":1,"s":{"a":0,"k":[38,4],"ix":2},"p":{"a":0,"k":[0,0],"ix":3},"r":{"a":0,"k":9,"ix":4},"nm":"Rectangle Path 1","mn":"ADBE Vector Shape - Rect","hd":false},{"ty":"st","c":{"a":0,"k":[1,1,1,1],"ix":3},"o":{"a":0,"k":100,"ix":4},"w":{"a":0,"k":0,"ix":5},"lc":1,"lj":1,"ml":4,"ml2":{"a":0,"k":4,"ix":8},"bm":0,"nm":"Stroke 1","mn":"ADBE Vector Graphic - Stroke","hd":false},{"ty":"fl","c":{"a":0,"k":[0.7725490196078432,0.7725490196078432,0.7725490196078432,1],"ix":4},"o":{"a":0,"k":40,"ix":5},"r":1,"bm":0,"nm":"Fill 1","mn":"ADBE Vector Graphic - Fill","hd":false},{"ty":"tr","p":{"a":0,"k":[66.776,-206.499],"ix":2},"a":{"a":0,"k":[0,0],"ix":1},"s":{"a":0,"k":[123.715,100],"ix":3},"r":{"a":0,"k":0,"ix":6},"o":{"a":0,"k":100,"ix":7},"sk":{"a":0,"k":0,"ix":4},"sa":{"a":0,"k":0,"ix":5},"nm":"Transform"}],"nm":"Rectangle 1","np":3,"cix":2,"bm":0,"ix":1,"mn":"ADBE Vector Group","hd":false}],"ip":0,"op":110.000004480392,"st":0,"bm":0},{"ddd":0,"ind":6,"ty":4,"nm":"Shape Layer 5","sr":1,"ks":{"o":{"a":1,"k":[{"i":{"x":[0.158],"y":[1]},"o":{"x":[0.167],"y":[0.167]},"n":["0p158_1_0p167_0p167"],"t":25,"s":[0],"e":[100]},{"i":{"x":[0.667],"y":[1]},"o":{"x":[0.333],"y":[0]},"n":["0p667_1_0p333_0"],"t":35,"s":[100],"e":[100]},{"i":{"x":[0.833],"y":[0.833]},"o":{"x":[0.766],"y":[0]},"n":["0p833_0p833_0p766_0"],"t":75,"s":[100],"e":[0]},{"t":85.000003462121}],"ix":11},"r":{"a":0,"k":0,"ix":10},"p":{"a":1,"k":[{"i":{"x":0.667,"y":1},"o":{"x":0.167,"y":0.167},"n":"0p667_1_0p167_0p167","t":25,"s":[328.297,435.50000000000006,0],"e":[328.297,275.5,0],"to":[0,-26.6666660308838,0],"ti":[0,26.6666660308838,0]},{"i":{"x":0.833,"y":0.833},"o":{"x":0.167,"y":0.167},"n":"0p833_0p833_0p167_0p167","t":35,"s":[328.297,275.5,0],"e":[328.297,275.5,0],"to":[0,0,0],"ti":[0,0,0]},{"i":{"x":0.833,"y":0.833},"o":{"x":0.333,"y":0},"n":"0p833_0p833_0p333_0","t":75,"s":[328.297,275.5,0],"e":[328.297,115.5,0],"to":[0,-26.6666660308838,0],"ti":[0,26.6666660308838,0]},{"t":85.000003462121}],"ix":2},"a":{"a":0,"k":[66.993,-206.338,0],"ix":1},"s":{"a":0,"k":[227.46499999999997,271.221,100],"ix":6}},"ao":0,"shapes":[{"ty":"gr","it":[{"ty":"rc","d":1,"s":{"a":0,"k":[72,4],"ix":2},"p":{"a":0,"k":[0,0],"ix":3},"r":{"a":0,"k":14,"ix":4},"nm":"Rectangle Path 1","mn":"ADBE Vector Shape - Rect","hd":false},{"ty":"st","c":{"a":0,"k":[1,1,1,1],"ix":3},"o":{"a":0,"k":100,"ix":4},"w":{"a":0,"k":0,"ix":5},"lc":1,"lj":1,"ml":4,"ml2":{"a":0,"k":4,"ix":8},"bm":0,"nm":"Stroke 1","mn":"ADBE Vector Graphic - Stroke","hd":false},{"ty":"fl","c":{"a":0,"k":[0.7725490196078432,0.7725490196078432,0.7725490196078432,1],"ix":4},"o":{"a":0,"k":40,"ix":5},"r":1,"bm":0,"nm":"Fill 1","mn":"ADBE Vector Graphic - Fill","hd":false},{"ty":"tr","p":{"a":0,"k":[66.776,-206.499],"ix":2},"a":{"a":0,"k":[0,0],"ix":1},"s":{"a":0,"k":[123.715,100],"ix":3},"r":{"a":0,"k":0,"ix":6},"o":{"a":0,"k":100,"ix":7},"sk":{"a":0,"k":0,"ix":4},"sa":{"a":0,"k":0,"ix":5},"nm":"Transform"}],"nm":"Rectangle 1","np":3,"cix":2,"bm":0,"ix":1,"mn":"ADBE Vector Group","hd":false}],"ip":0,"op":110.000004480392,"st":0,"bm":0},{"ddd":0,"ind":7,"ty":4,"nm":"Shape Layer 4","sr":1,"ks":{"o":{"a":1,"k":[{"i":{"x":[0.112],"y":[1]},"o":{"x":[0.167],"y":[0.167]},"n":["0p112_1_0p167_0p167"],"t":10,"s":[0],"e":[100]},{"i":{"x":[0.667],"y":[1]},"o":{"x":[0.333],"y":[0]},"n":["0p667_1_0p333_0"],"t":20,"s":[100],"e":[100]},{"i":{"x":[0.833],"y":[0.833]},"o":{"x":[0.783],"y":[0]},"n":["0p833_0p833_0p783_0"],"t":60,"s":[100],"e":[0]},{"t":70.0000028511585}],"ix":11},"r":{"a":0,"k":0,"ix":10},"p":{"a":1,"k":[{"i":{"x":0.667,"y":1},"o":{"x":0.167,"y":0.167},"n":"0p667_1_0p167_0p167","t":10,"s":[166,343,0],"e":[166,183,0],"to":[0,-26.6666660308838,0],"ti":[0,26.6666660308838,0]},{"i":{"x":0.833,"y":0.833},"o":{"x":0.333,"y":0.333},"n":"0p833_0p833_0p333_0p333","t":20,"s":[166,183,0],"e":[166,183,0],"to":[0,0,0],"ti":[0,0,0]},{"i":{"x":0.833,"y":0.833},"o":{"x":0.333,"y":0},"n":"0p833_0p833_0p333_0","t":60,"s":[166,183,0],"e":[166,23,0],"to":[0,-26.6666660308838,0],"ti":[0,26.6666660308838,0]},{"t":70.0000028511585}],"ix":2},"a":{"a":0,"k":[-148.489,-203.05,0],"ix":1},"s":{"a":0,"k":[96.977,97.02,100],"ix":6}},"ao":0,"shapes":[{"ty":"gr","it":[{"ty":"rc","d":1,"s":{"a":0,"k":[33.832,33.832],"ix":2},"p":{"a":0,"k":[0,0],"ix":3},"r":{"a":0,"k":18,"ix":4},"nm":"Rectangle Path 1","mn":"ADBE Vector Shape - Rect","hd":false},{"ty":"st","c":{"a":0,"k":[1,1,1,1],"ix":3},"o":{"a":0,"k":100,"ix":4},"w":{"a":0,"k":0,"ix":5},"lc":1,"lj":1,"ml":4,"ml2":{"a":0,"k":4,"ix":8},"bm":0,"nm":"Stroke 1","mn":"ADBE Vector Graphic - Stroke","hd":false},{"ty":"fl","c":{"a":0,"k":[0.9568627450980393,0.33725490196078434,0.33725490196078434,1],"ix":4},"o":{"a":0,"k":40,"ix":5},"r":1,"bm":0,"nm":"Fill 1","mn":"ADBE Vector Graphic - Fill","hd":false},{"ty":"tr","p":{"a":0,"k":[-148.736,-203.613],"ix":2},"a":{"a":0,"k":[0,0],"ix":1},"s":{"a":0,"k":[98.122,98.122],"ix":3},"r":{"a":0,"k":0,"ix":6},"o":{"a":0,"k":100,"ix":7},"sk":{"a":0,"k":0,"ix":4},"sa":{"a":0,"k":0,"ix":5},"nm":"Transform"}],"nm":"Rectangle 1","np":3,"cix":2,"bm":0,"ix":1,"mn":"ADBE Vector Group","hd":false}],"ip":0,"op":110.000004480392,"st":0,"bm":0},{"ddd":0,"ind":8,"ty":4,"nm":"Shape Layer 3","sr":1,"ks":{"o":{"a":1,"k":[{"i":{"x":[0.112],"y":[1]},"o":{"x":[0.167],"y":[0.167]},"n":["0p112_1_0p167_0p167"],"t":10,"s":[0],"e":[100]},{"i":{"x":[0.667],"y":[1]},"o":{"x":[0.333],"y":[0]},"n":["0p667_1_0p333_0"],"t":20,"s":[100],"e":[100]},{"i":{"x":[0.833],"y":[0.833]},"o":{"x":[0.783],"y":[0]},"n":["0p833_0p833_0p783_0"],"t":60,"s":[100],"e":[0]},{"t":70.0000028511585}],"ix":11},"r":{"a":0,"k":0,"ix":10},"p":{"a":1,"k":[{"i":{"x":0.667,"y":1},"o":{"x":0.167,"y":0.167},"n":"0p667_1_0p167_0p167","t":10,"s":[280.083,355.25,0],"e":[280.083,195.25,0],"to":[0,-26.6666660308838,0],"ti":[0,26.6666660308838,0]},{"i":{"x":0.833,"y":0.833},"o":{"x":0.333,"y":0.333},"n":"0p833_0p833_0p333_0p333","t":20,"s":[280.083,195.25,0],"e":[280.083,195.25,0],"to":[0,0,0],"ti":[0,0,0]},{"i":{"x":0.833,"y":0.833},"o":{"x":0.333,"y":0},"n":"0p833_0p833_0p333_0","t":60,"s":[280.083,195.25,0],"e":[280.083,35.25,0],"to":[0,-26.6666660308838,0],"ti":[0,26.6666660308838,0]},{"t":70.0000028511585}],"ix":2},"a":{"a":0,"k":[66.828,-206.43,0],"ix":1},"s":{"a":0,"k":[227.46499999999997,271.221,100],"ix":6}},"ao":0,"shapes":[{"ty":"gr","it":[{"ty":"rc","d":1,"s":{"a":0,"k":[38,4],"ix":2},"p":{"a":0,"k":[0,0],"ix":3},"r":{"a":0,"k":9,"ix":4},"nm":"Rectangle Path 1","mn":"ADBE Vector Shape - Rect","hd":false},{"ty":"st","c":{"a":0,"k":[1,1,1,1],"ix":3},"o":{"a":0,"k":100,"ix":4},"w":{"a":0,"k":0,"ix":5},"lc":1,"lj":1,"ml":4,"ml2":{"a":0,"k":4,"ix":8},"bm":0,"nm":"Stroke 1","mn":"ADBE Vector Graphic - Stroke","hd":false},{"ty":"fl","c":{"a":0,"k":[0.7725490196078432,0.7725490196078432,0.7725490196078432,1],"ix":4},"o":{"a":0,"k":40,"ix":5},"r":1,"bm":0,"nm":"Fill 1","mn":"ADBE Vector Graphic - Fill","hd":false},{"ty":"tr","p":{"a":0,"k":[66.776,-206.499],"ix":2},"a":{"a":0,"k":[0,0],"ix":1},"s":{"a":0,"k":[123.715,100],"ix":3},"r":{"a":0,"k":0,"ix":6},"o":{"a":0,"k":100,"ix":7},"sk":{"a":0,"k":0,"ix":4},"sa":{"a":0,"k":0,"ix":5},"nm":"Transform"}],"nm":"Rectangle 1","np":3,"cix":2,"bm":0,"ix":1,"mn":"ADBE Vector Group","hd":false}],"ip":0,"op":110.000004480392,"st":0,"bm":0},{"ddd":0,"ind":9,"ty":4,"nm":"Shape Layer 2","sr":1,"ks":{"o":{"a":1,"k":[{"i":{"x":[0.112],"y":[1]},"o":{"x":[0.167],"y":[0.167]},"n":["0p112_1_0p167_0p167"],"t":10,"s":[0],"e":[100]},{"i":{"x":[0.667],"y":[1]},"o":{"x":[0.333],"y":[0]},"n":["0p667_1_0p333_0"],"t":20,"s":[100],"e":[100]},{"i":{"x":[0.833],"y":[0.833]},"o":{"x":[0.783],"y":[0]},"n":["0p833_0p833_0p783_0"],"t":60,"s":[100],"e":[0]},{"t":70.0000028511585}],"ix":11},"r":{"a":0,"k":0,"ix":10},"p":{"a":1,"k":[{"i":{"x":0.667,"y":1},"o":{"x":0.167,"y":0.167},"n":"0p667_1_0p167_0p167","t":10,"s":[328.047,332.375,0],"e":[328.047,172.375,0],"to":[0,-26.6666660308838,0],"ti":[0,26.6666660308838,0]},{"i":{"x":0.833,"y":0.833},"o":{"x":0.333,"y":0.333},"n":"0p833_0p833_0p333_0p333","t":20,"s":[328.047,172.375,0],"e":[328.047,172.375,0],"to":[0,0,0],"ti":[0,0,0]},{"i":{"x":0.833,"y":0.833},"o":{"x":0.333,"y":0},"n":"0p833_0p833_0p333_0","t":60,"s":[328.047,172.375,0],"e":[328.047,12.375,0],"to":[0,-26.6666660308838,0],"ti":[0,26.6666660308838,0]},{"t":70.0000028511585}],"ix":2},"a":{"a":0,"k":[66.883,-206.384,0],"ix":1},"s":{"a":0,"k":[227.46499999999997,271.221,100],"ix":6}},"ao":0,"shapes":[{"ty":"gr","it":[{"ty":"rc","d":1,"s":{"a":0,"k":[72,4],"ix":2},"p":{"a":0,"k":[0,0],"ix":3},"r":{"a":0,"k":14,"ix":4},"nm":"Rectangle Path 1","mn":"ADBE Vector Shape - Rect","hd":false},{"ty":"st","c":{"a":0,"k":[1,1,1,1],"ix":3},"o":{"a":0,"k":100,"ix":4},"w":{"a":0,"k":0,"ix":5},"lc":1,"lj":1,"ml":4,"ml2":{"a":0,"k":4,"ix":8},"bm":0,"nm":"Stroke 1","mn":"ADBE Vector Graphic - Stroke","hd":false},{"ty":"fl","c":{"a":0,"k":[0.7725490196078432,0.7725490196078432,0.7725490196078432,1],"ix":4},"o":{"a":0,"k":40,"ix":5},"r":1,"bm":0,"nm":"Fill 1","mn":"ADBE Vector Graphic - Fill","hd":false},{"ty":"tr","p":{"a":0,"k":[66.776,-206.499],"ix":2},"a":{"a":0,"k":[0,0],"ix":1},"s":{"a":0,"k":[123.715,100],"ix":3},"r":{"a":0,"k":0,"ix":6},"o":{"a":0,"k":100,"ix":7},"sk":{"a":0,"k":0,"ix":4},"sa":{"a":0,"k":0,"ix":5},"nm":"Transform"}],"nm":"Rectangle 1","np":3,"cix":2,"bm":0,"ix":1,"mn":"ADBE Vector Group","hd":false}],"ip":0,"op":110.000004480392,"st":0,"bm":0}],"markers":[]}